VLDFAPPGA,RMFPNAPYL,ID,Cohort
0.000757166,0.000432666,AML-BM-SC-1,AML-BM-SC_AB
0.00051746,0.008179208,AML-BM-SC-2,AML-BM-SC_AB
0.00051746,0.008179208,CML-PB-SC-1,CML-PB-SC_AB
0.003117693,0.003507405,AML-BM-SC-2,AML-BM-SC_AB
0.003117693,0.003507405,CML-PB-SC-1,CML-PB-SC_AB
0.009914956,0.000342367,AML-BM-SC-3,AML-BM-SC_AB
4.29E-05,2.38E-05,AML-BM-SC-4,AML-BM-SC_AB
9.44E-05,0.261841187,AML-BM-SC-5,AML-BM-SC_AB
0.000196271,0.000490677,AML-BM-SC-6,AML-BM-SC_AB
0.000728447,0.000158358,AML-BM-SC-7,AML-BM-SC_AB
6.81E-06,6.81E-06,CML-PB-SC-2,CML-PB-SC_AB
3.09E-05,0,CML-PB-SC-3,CML-PB-SC_AB
0.001419111,0.000709555,CML-PB-SC-4,CML-PB-SC_AB
4.09E-05,0,CML-PB-SC-5,CML-PB-SC_AB
0.000469925,0.000469925,CML-PB-SC-6,CML-PB-SC_AB